data_od,data_do,nazwa
2025-01-31,2025-01-31,Lech Poznań – Widzew Łódź
2025-02-11,2025-02-14,BUDMA 2025
2025-02-15,2025-02-15,Lech Poznań – Raków Częstochowa
2025-02-22,2025-02-22,Lech Poznań – Zagłębie Lubin
2025-02-25,2025-02-28,MEBLE POLSKA 2025
2025-03-07,2025-03-09,Poznańskie Targi Książki i Targi Edukacyjne 2025
2025-03-07,2025-03-09,Rybomania 2025
2025-03-08,2025-03-08,Lech Poznań – Stal Mielec
2025-04-05,2025-04-05,Lech Poznań – Korona Kielce
2025-04-13,2025-04-13,17. PKO Poznań Półmaraton
2025-04-19,2025-04-19,Lech Poznań – Cracovia
2025-04-24,2025-04-27,Poznań Motor Show 2025
2025-05-03,2025-05-03,Lech Poznań – Puszcza Niepołomice
2025-05-24,2025-05-24,Lech Poznań – Piast Gliwice
2025-05-26,2025-06-02,25. Biennale Sztuki dla Dziecka
2025-05-29,2025-05-31,Juwenalia Poznań 2025
2025-05-30,2025-05-31,Juwenalia Poznań 2025 – koncerty
2025-06-02,2025-06-02,Skillet – Letnia Scena B17
2025-06-05,2025-06-08,Cały Poznań Ukulele 2025
2025-06-06,2025-06-06,Andrea Bocelli – Enea Stadion
2025-06-06,2025-06-07,ZORZA – festiwal Dawida Podsiadły
2025-06-13,2025-06-15,Pyrkon 2025
2025-06-15,2025-06-18,Enter Enea Festival 2025
2025-06-20,2025-06-28,Malta Festival Poznań 2025
2025-06-27,2025-06-29,Poznań Rock Festival 2025
2025-06-28,2025-06-28,The Cult – Poznań
2025-07-11,2025-07-12,Męskie Granie 2025 – Poznań
2025-07-13,2025-07-13,Lech Poznań – Legia Warszawa (Superpuchar Polski)
2025-07-18,2025-07-18,Lech Poznań – Cracovia
2025-07-22,2025-07-22,Lech Poznań – Breiðablik Kópavogur (el. Ligi Mistrzów)
2025-08-02,2025-08-02,Lech Poznań – Górnik Zabrze
2025-08-06,2025-08-06,Lech Poznań – FK Crvena zvezda (el. Ligi Mistrzów)
2025-08-08,2025-08-10,Rockowizna Festival Poznań 2025
2025-08-14,2025-08-16,BitterSweet Festival 2025
2025-08-16,2025-08-16,Lech Poznań – Korona Kielce
2025-08-21,2025-08-21,Lech Poznań – KRC Genk (el. Ligi Europy)
2025-08-21,2025-08-23,Rockowizna Festival Poznań 2025
2025-08-29,2025-08-30,Santander Letnie Brzmienia 2025 – Poznań
2025-08-31,2025-08-31,Lech Poznań – Widzew Łódź
2025-09-12,2025-09-12,Lech Poznań – Zagłębie Lubin
2025-09-19,2025-09-21,Retro Motor Show 2025
2025-09-28,2025-09-28,Lech Poznań – Jagiellonia Białystok
2025-10-02,2025-10-02,Lech Poznań – Rapid Wiedeń (Liga Konferencji)
2025-10-19,2025-10-19,Lech Poznań – Pogoń Szczecin
2025-10-24,2025-10-26,Poznań Game Arena 2025
2025-11-02,2025-11-02,Lech Poznań – Motor Lublin
2025-11-23,2025-11-23,Lech Poznań – Radomiak Radom
2025-11-27,2025-11-27,Lech Poznań – FC Lausanne-Sport (Liga Konferencji)
2025-12-11,2025-12-11,Lech Poznań – 1. FSV Mainz 05 (Liga Konferencji)
2026-01-31,2026-01-31,Lech Poznań – Lechia Gdańsk
2026-02-03,2026-02-06,BUDMA 2026
2026-02-15,2026-02-15,Lech Poznań – Piast Gliwice
2026-02-24,2026-02-27,MEBLE POLSKA 2026
2026-02-26,2026-02-26,Lech Poznań – KuPS Kuopio (Liga Konferencji)
2026-03-01,2026-03-01,Lech Poznań – Raków Częstochowa
2026-03-04,2026-03-04,Lech Poznań – Górnik Zabrze (Puchar Polski)
2026-03-06,2026-03-08,Rybomania 2026
2026-03-12,2026-03-12,Lech Poznań – Szachtar Donieck (Liga Konferencji)
2026-03-13,2026-03-15,Poznańskie Targi Książki i Targi Edukacyjne 2026
2026-03-22,2026-03-22,Lech Poznań – Bruk-Bet Termalica Nieciecza
2026-04-12,2026-04-12,Lech Poznań – GKS Katowice
2026-04-14,2026-04-16,SECUREX 2026
2026-04-23,2026-04-26,Poznań Motor Show 2026
2026-04-26,2026-04-26,Lech Poznań – Legia Warszawa
2026-05-08,2026-05-08,Lech Poznań – Arka Gdynia
2026-05-13,2026-05-14,Impact CEE Poznań 2026
2026-05-23,2026-05-23,Lech Poznań – Wisła Płock
2026-05-26,2026-05-29,ITM Industry Europe 2026
2026-05-28,2026-05-30,Juwenalia Poznań 2026
2026-05-29,2026-05-29,sanah – Enea Stadion
2026-06-13,2026-06-13,Dawid Podsiadło – OBROTOWY TOUR 2026
2026-06-19,2026-06-21,Pyrkon 2026
2026-06-21,2026-06-28,Malta Festival Poznań 2026
